<application>
  <component name="CodeInsightSettings">
    <option name="COMPLETION_CASE_SENSITIVE" value="2" />
    <option name="ADD_UNAMBIGIOUS_IMPORTS_ON_THE_FLY" value="true" />
    <option name="JSP_ADD_UNAMBIGIOUS_IMPORTS_ON_THE_FLY" value="true" />
  </component>
  <component name="DefaultFont">
    <option name="FONT_SIZE" value="16" />
    <option name="FONT_FAMILY" value="JetBrains Mono" />
  </component>
  <component name="EditorSettings">
    <option name="USE_SOFT_WRAPS" value="" />
    <option name="SOFT_WRAP_FILE_MASKS" value="*.md; *.txt; *.rst; *.adoc" />
    <option name="IS_ALL_SOFTWRAPS_SHOWN" value="true" />
  </component>
</application>