<keymap version="1" name="nouseen" parent="$default">
  <action id="ChangesView.Move" />
  <action id="ClassTemplateNavigation" />
  <action id="CloseActiveTab" />
  <action id="CloseAllEditors">
    <keyboard-shortcut first-keystroke="shift ctrl f4" />
  </action>
  <action id="CloseAllEditorsButActive">
    <keyboard-shortcut first-keystroke="shift f4" />
  </action>
  <action id="Console.TableResult.SetDefault" />
  <action id="Debugger.EditTypeSource" />
  <action id="EditSourceInNewWindow" />
  <action id="EditorLookupDown" />
  <action id="EditorLookupUp" />
  <action id="EditorPageDown">
    <keyboard-shortcut first-keystroke="page_down" />
    <mouse-shortcut keystroke="control button142" />
    <keyboard-shortcut first-keystroke="ctrl down" />
  </action>
  <action id="EditorPageUp">
    <keyboard-shortcut first-keystroke="page_up" />
    <mouse-shortcut keystroke="control button143" />
    <keyboard-shortcut first-keystroke="ctrl up" />
  </action>
  <action id="EditorScrollDown" />
  <action id="EditorScrollUp" />
  <action id="GenerateGetterAndSetter">
    <keyboard-shortcut first-keystroke="shift ctrl g" />
  </action>
  <action id="GoToClass" />
  <action id="Macro.change fisrt latter">
    <keyboard-shortcut first-keystroke="shift alt n" />
  </action>
  <action id="ManageRecentProjects">
    <keyboard-shortcut first-keystroke="shift alt m" />
  </action>
  <action id="MethodOverloadSwitchDown" />
  <action id="MethodOverloadSwitchUp" />
  <action id="MoveEditorToOppositeTabGroup">
    <keyboard-shortcut first-keystroke="ctrl alt r" />
  </action>
  <action id="MoveTabRight">
    <keyboard-shortcut first-keystroke="ctrl alt d" />
  </action>
  <action id="RemoteServers.EditServerConfig" />
  <action id="RevealIn">
    <keyboard-shortcut first-keystroke="shift alt w" />
  </action>
  <action id="RunDashboard.EditConfiguration" />
  <action id="SearchEverywhere.NavigateToNextGroup" />
  <action id="SearchEverywhere.NavigateToPrevGroup">
    <keyboard-shortcut first-keystroke="page_up" />
  </action>
  <action id="Vcs.MoveChangedLinesToChangelist" />
  <action id="tasks.close" />
  <action id="tasks.goto" />
</keymap>